cycle_id,date,day_strain,day_avg_hr,day_max_hr,recovery_score,resting_heart_rate,hrv_rmssd_milli,spo2_percentage,skin_temp_celsius,sleep_performance_pct,sleep_consistency_pct,sleep_efficiency_pct,respiratory_rate,hours_in_bed,hours_awake,hours_light_sleep,hours_deep_sleep,hours_rem_sleep,disturbance_count,hours_sleep_debt,hours_needed_baseline,num_workouts,sports,distance_meter_total,zone1_3_minutes,zone4_5_minutes,total_kcal_burned
1209987462,2025-12-19,5.8912115,64,147,79.0,51.0,81.09675,94.10526,34.542835,73.0,33.0,87.380615,16.816406,8.796111111111111,1.4023222222222222,4.144977777777778,1.9178388888888889,1.3309722222222222,17.0,0.0,7.911576666666667,0,,0.0,0.0,0.0,2021.6974187380495
1210683893,2025-12-20,13.061315,74,155,83.0,49.0,83.90323,95.5,34.208275,66.0,29.0,87.038124,17.211914,4.4366,0.5750666666666666,1.6106222222222222,1.5506305555555555,0.7002805555555556,8.0,0.5602936111111111,7.911453333333333,1,spin,0.0,42.63366666666667,0.0,2032.031070745698
1213120705,2025-12-21,11.46226,72,163,82.0,53.0,82.97898,95.95,34.529667,74.0,47.0,86.538734,17.236328,8.428136111111112,1.1345333333333334,3.282625,2.2431472222222224,1.7678305555555556,17.0,1.1648661111111112,7.91133,1,walking,0.0,23.950166666666668,0.26666666666666666,1990.9813575525811
1214335689,2025-12-22,4.732262,67,119,4.0,61.0,46.241234,89.0,34.420666,22.0,45.0,92.68307,17.294922,1.7084055555555555,0.12500277777777777,0.8233638888888889,0.49167222222222223,0.26836666666666664,2.0,1.4137272222222221,7.911206666666667,0,,0.0,0.0,0.0,1234.7701481835563
1215444003,2025-12-22,17.598125,76,194,40.0,49.0,68.771255,94.5625,33.957,53.0,8.0,88.83659,17.314453,6.124175,0.6836666666666666,1.5803277777777778,2.5431805555555558,1.317,18.0,2.13,7.911206666666667,0,,0.0,0.0,0.0,2995.5764818355638
1216796285,2025-12-24,4.1566586,69,121,27.0,62.0,53.90906,95.125,33.900665,39.0,27.0,89.71935,17.8125,4.101666666666667,0.42167777777777776,1.8790666666666667,1.3172777777777778,0.48364444444444443,11.0,2.13,7.910960277777778,0,,0.0,0.0,0.0,1629.6792543021033
1218438223,2025-12-24,4.1921177,64,121,50.0,53.0,59.33271,95.86667,33.842,66.0,35.0,92.278145,17.734375,6.810147222222223,0.5258694444444444,2.55895,2.760136111111111,0.9651916666666667,15.0,2.13,7.910960277777778,0,,0.0,0.0,0.0,2001.218929254302
1220371180,2025-12-26,5.037252,71,135,42.0,54.0,51.932716,97.55556,33.999332,59.0,13.0,84.74947,17.8125,4.593775,0.700575,1.8579,1.6352972222222222,0.40000277777777776,11.0,2.13,7.910713888888889,0,,0.0,0.0,0.0,1410.61534416826
1221693657,2025-12-26,5.4549546,70,137,30.0,59.0,69.25344,97.666664,34.745667,31.0,30.0,90.81714,17.8125,3.918213888888889,0.3741833333333333,1.7517277777777778,1.5089611111111112,0.28334166666666666,9.0,1.3960719444444445,7.910713888888889,0,,0.0,0.0,0.0,1767.2457456978968
1223404392,2025-12-27,4.487961,68,114,39.0,53.0,47.728817,95.888885,33.72,75.0,39.0,92.254,17.167969,8.610683333333334,0.6669833333333334,3.0151333333333334,2.585111111111111,2.3434555555555554,18.0,2.13,7.910590833333333,0,,0.0,0.0,0.0,2016.8095124282981
1225505981,2025-12-29,16.414415,76,175,82.0,55.0,79.454735,95.59091,34.767,67.0,33.0,88.28347,16.933594,6.977797222222223,0.8175555555555556,2.940402777777778,1.8512055555555555,1.3686333333333334,15.0,1.3869283333333333,7.910344722222222,1,running,8026.5596,40.4835,16.283333333333335,2711.5544933078395
1227114220,2025-12-30,4.3984175,69,124,50.0,55.0,66.726166,95.53333,35.04586,55.0,40.0,92.54522,17.8125,6.036841111111111,0.45003333333333334,1.74285,2.259813888888889,1.5841438888888888,9.0,2.0464494444444443,7.910221666666667,0,,0.0,0.0,0.0,1699.2416347992353
1228872408,2025-12-31,5.8984694,70,143,61.0,53.0,64.38471,94.46667,34.831665,76.0,54.0,91.74951,17.304688,7.664327777777777,0.6323444444444445,3.5973777777777776,2.025925,1.4086805555555555,17.0,2.13,7.910098611111111,0,,0.0,0.0,0.0,1996.147944550669
1230578989,2026-01-01,4.850727,68,134,46.0,54.0,73.338875,96.416664,34.582333,51.0,55.0,89.663734,17.285156,5.245825,0.5422222222222223,2.1356611111111112,1.9092777777777779,0.6586638888888889,12.0,1.9628422222222222,7.9099755555555555,0,,0.0,0.0,0.0,1709.5685946462715
1232264404,2026-01-02,12.525963,77,158,36.0,53.0,64.26974,95.90909,35.1955,56.0,76.0,94.02739,17.966309,5.036880555555555,0.30083333333333334,2.050363888888889,1.7264638888888888,0.9592194444444444,10.0,2.13,7.9098525,1,spin,0.0,45.28366666666667,0.0,1672.6151290630974
1233777331,2026-01-02,5.524192,72,134,47.0,59.0,59.766315,94.5,34.563103,69.0,27.0,80.70489,17.519531,13.141322222222222,2.535633333333333,6.601955555555556,2.0267222222222223,1.977011111111111,30.0,2.13,7.9098525,1,spin,0.0,45.28366666666667,0.0,2315.746414913958
1235494692,2026-01-04,4.635158,71,135,30.0,58.0,55.54929,93.791664,35.261665,53.0,49.0,89.71277,17.460938,4.45555,0.4583527777777778,1.4112722222222223,1.7350583333333334,0.8508666666666667,13.0,0.0,7.909606666666667,0,,0.0,0.0,0.0,1487.3179971319312
1237169506,2026-01-04,6.723969,71,154,66.0,56.0,71.180595,95.23077,34.43345,60.0,40.0,86.27394,17.519531,6.801922222222222,0.9336361111111111,2.5911833333333334,2.126247222222222,1.1508555555555555,10.0,1.9870616666666667,7.909606666666667,0,,0.0,0.0,0.0,2191.234464627151
1239187449,2026-01-06,15.385556,79,188,76.0,53.0,72.187096,95.44118,33.856167,68.0,37.0,91.33984,17.167969,7.121152777777778,0.6167027777777778,2.2262305555555555,2.610386111111111,1.6678333333333333,10.0,2.13,7.909361111111111,2,"ultimate,walking",0.0,104.1335,6.2,2788.2889579349903
1241203337,2026-01-07,4.0707097,66,123,49.0,57.0,61.994907,95.25,33.392166,66.0,43.0,93.76391,17.167969,6.690713055555555,0.4172388888888889,2.4127491666666665,2.393152777777778,1.4675722222222223,17.0,2.13,7.909238333333334,0,,0.0,0.0,0.0,1636.4853489483746
1242828321,2026-01-08,4.058475,70,111,42.0,56.0,55.6677,95.47369,34.410667,78.0,66.0,89.20825,17.24121,7.949333333333334,0.8578722222222223,3.2298916666666666,2.0431472222222222,1.8184222222222222,17.0,2.13,7.909115555555555,0,,0.0,0.0,0.0,1971.9911567877627
1244597935,2026-01-09,6.3942204,74,146,23.0,50.0,64.49653,96.166664,34.783665,32.0,58.0,94.24159,16.757812,3.4731833333333335,0.2,1.230036111111111,1.7597972222222222,0.28335,7.0,1.9214405555555556,7.908992777777778,0,,0.0,0.0,0.0,1434.8226577437858
1246182433,2026-01-10,20.472054,87,198,70.0,53.0,67.628716,94.76923,34.263836,74.0,44.0,90.23861,17.050781,8.02538611111111,0.7833888888888889,3.3976944444444444,2.29315,1.5511527777777778,21.0,2.13,7.90887,6,"ultimate,walking",0.0,218.31633333333332,33.218666666666664,4378.78585086042
1247819044,2026-01-10,17.608547,77,184,59.0,59.0,64.03994,93.63636,34.266666,75.0,40.0,89.6896,17.050781,10.359658333333334,1.0681222222222222,4.396883333333333,2.6348277777777778,2.259825,16.0,1.8483475,7.90887,6,"ultimate,walking",0.0,218.31633333333332,33.218666666666664,3138.450286806883
1249887701,2026-01-12,4.0402303,66,116,31.0,57.0,47.77337,96.35,34.913334,72.0,50.0,84.167595,16.992188,9.336283333333334,1.4781583333333332,3.646822222222222,2.710661111111111,1.5006416666666667,24.0,1.0965902777777778,7.9086244444444445,0,,0.0,0.0,0.0,1804.482791586998
1251877795,2026-01-13,4.0892725,69,117,45.0,55.0,55.189575,96.6875,34.759,79.0,58.0,90.13225,17.402344,8.538309166666666,0.8425388888888888,4.111269444444445,1.6922944444444445,1.892206388888889,22.0,1.3312280555555556,7.908501944444445,0,,0.0,0.0,0.0,1804.0584847036328
1253656550,2026-01-14,4.2573256,68,136,61.0,55.0,62.837185,95.13333,34.572166,80.0,67.0,92.48475,17.304688,7.547913055555555,0.5672444444444444,3.0571,2.343163888888889,1.5804047222222222,29.0,1.018841111111111,7.908379166666666,0,,0.0,0.0,0.0,1925.4141013384321
1255475202,2026-01-15,4.7889977,71,150,55.0,54.0,62.697834,95.17857,34.552357,70.0,52.0,94.043,17.109375,6.015563888888889,0.3583472222222222,2.697122222222222,1.7845,1.1755944444444444,19.0,1.2780125,7.9082566666666665,0,,0.0,0.0,0.0,1673.731118546845
1257307910,2026-01-16,16.882095,77,194,67.0,55.0,67.59552,95.70588,34.417667,76.0,78.0,91.46058,17.636719,6.835063888888889,0.583675,2.8331805555555554,2.009552777777778,1.4086555555555555,13.0,2.13,7.908134166666667,1,ultimate,0.0,49.033833333333334,24.516833333333334,2635.9395315487573
1258724605,2026-01-17,6.0740447,68,135,37.0,59.0,69.95143,93.27273,35.196335,44.0,51.0,93.08366,18.032227,5.060998333333333,0.3500361111111111,1.5250066666666666,2.177016666666667,1.0089388888888888,9.0,2.13,7.908011666666667,0,,0.0,0.0,0.0,2391.386830783939
1261424896,2026-01-18,9.5906515,71,167,84.0,55.0,76.164024,95.38461,34.538,68.0,18.0,92.45192,17.636719,5.852222222222222,0.44173055555555557,1.9667666666666668,2.0264611111111113,1.4172638888888889,12.0,2.13,7.907889166666667,0,,0.0,0.0,0.0,1771.8228011472274
1263024131,2026-01-19,7.3301725,70,164,88.0,56.0,83.96595,96.22222,34.099335,68.0,32.0,89.92291,17.44629,7.117714722222222,0.7172583333333333,2.7451055555555555,2.326497222222222,1.328853611111111,9.0,1.6832147222222222,7.907766666666666,1,walking,0.0,12.0,0.0,2029.5824569789672
1264804377,2026-01-20,5.417415,71,143,30.0,56.0,62.438995,95.09091,33.357666,41.0,42.0,92.523575,17.578125,4.681602777777778,0.35001666666666664,1.3297722222222221,1.8428527777777777,1.158961111111111,14.0,2.13,7.907644166666667,0,,0.0,0.0,0.0,1661.3032026768642
1266650227,2026-01-21,7.7463007,70,162,43.0,53.0,56.086742,96.23529,34.153,70.0,54.0,93.658005,17.265625,6.716666666666667,0.5071722222222222,2.3837527777777776,2.142316666666667,1.683425,13.0,2.13,7.907521666666667,0,,0.0,0.0,0.0,1928.4757887189292
1268129289,2026-01-22,7.221758,71,160,76.0,53.0,73.01176,95.166664,34.516335,75.0,69.0,91.6914,17.226562,7.027758333333334,0.5839083333333334,2.5075805555555557,2.4351194444444446,1.50115,16.0,2.13,7.907399444444445,0,,0.0,0.0,0.0,1896.8727533460801
1270266535,2026-01-23,11.7404995,70,159,89.0,53.0,79.68542,96.125,34.62271,75.0,68.0,82.81011,17.109375,9.095477777777777,1.5853555555555556,3.7190527777777778,2.185075,1.6059944444444445,24.0,2.13,7.907276944444445,1,spin,0.0,45.317,0.0,2405.5250956022946
1272166339,2026-01-24,5.62409,70,132,67.0,55.0,71.191246,96.69444,33.763332,78.0,74.0,91.16875,17.636719,7.077577777777778,0.6250388888888889,1.909561111111111,2.700972222222222,1.8420055555555555,16.0,1.6876147222222222,7.907154722222222,0,,0.0,0.0,0.0,1810.244622370937
1273798373,2026-01-25,13.781031,75,167,82.0,57.0,78.140564,95.588234,34.16,81.0,76.0,89.486145,17.24121,8.303355555555555,0.8672805555555556,3.7598777777777777,2.25985,1.410625,15.0,2.13,7.907032222222222,3,"spin,walking",0.0,87.60116666666667,0.05,2568.202198852772
1275900612,2026-01-26,10.469433,72,159,82.0,54.0,80.836205,95.90909,34.062332,79.0,84.0,91.85307,17.285156,6.9592,0.5669611111111111,3.2829194444444445,1.7006305555555556,1.4086888888888889,22.0,1.7165052777777778,7.90691,3,"ultimate,walking",0.0,53.65033333333333,0.0,2164.838910133843
1277643144,2026-01-27,6.45821,64,141,53.0,52.0,79.55316,94.30769,34.175,55.0,75.0,88.46554,17.167969,5.418880555555556,0.6250388888888889,2.2006472222222224,1.70955,0.8836444444444445,8.0,2.13,7.906787777777778,1,ultimate,0.0,13.45,0.0,1929.8568355640534
1279669172,2026-01-28,4.619578,67,127,62.0,50.0,72.03834,96.15385,34.300667,70.0,49.0,84.385155,16.699219,5.874147222222223,0.9172388888888889,1.7467388888888888,2.184816666666667,1.0253527777777778,14.0,2.13,7.906665555555556,0,,0.0,0.0,0.0,1795.6901290630974
1281607484,2026-01-29,9.263029,71,166,57.0,50.0,73.198654,94.6875,34.097668,75.0,62.0,93.69564,16.054688,6.477266666666667,0.40835,2.2767916666666665,2.292022222222222,1.5001027777777778,18.0,1.3450602777777778,7.9065433333333335,1,ultimate,0.0,10.750166666666667,0.0,1963.9125239005737
1283109062,2026-01-30,16.496588,82,182,31.0,54.0,89.08056,96.6,33.739834,35.0,70.0,91.155785,16.894531,3.675127777777778,0.32503611111111114,1.5116972222222222,1.4508805555555555,0.3875138888888889,10.0,2.076908611111111,7.906421111111111,3,"activity,ultimate,walking",0.0,177.5035,1.7166666666666666,2744.2060229445506
1284548819,2026-01-30,16.963766,77,185,94.0,53.0,103.977264,94.6,34.061165,70.0,35.0,86.08505,16.816406,9.646560555555556,1.3423138888888888,3.985421666666667,3.0098611111111113,1.3089638888888888,21.0,2.13,7.906299166666667,3,"activity,ultimate,walking",0.0,177.5035,1.7166666666666666,3218.874760994264
1286391794,2026-01-31,6.6370296,73,150,35.0,55.0,101.70312,95.75,34.315834,33.0,38.0,88.17768,16.279297,4.7251972222222225,0.5586277777777777,1.5317361111111112,1.8095083333333333,0.825325,5.0,1.620661388888889,7.906176944444445,5,"activity,ultimate,walking",0.0,170.98466666666667,4.916666666666667,1779.5468451242828
1288278727,2026-02-01,10.132679,79,176,16.0,67.0,48.90079,96.28571,35.303333,46.0,43.0,88.17009,18.017578,5.356316666666666,0.6336472222222223,2.3212,2.0681194444444446,0.33335,11.0,2.13,7.906055,1,walking,0.0,9.666833333333333,0.0,2282.894359464627
1289978775,2026-02-03,11.441177,74,169,50.0,61.0,65.93677,95.447365,34.889668,71.0,15.0,84.175964,17.192383,9.016666666666667,1.4372027777777778,4.2187777777777775,1.6261694444444443,1.7345166666666667,12.0,2.13,7.905932777777778,3,"ultimate,walking",0.0,61.56766666666667,0.31666666666666665,2163.822896749522
1292736996,2026-02-04,10.408064,72,155,37.0,55.0,62.902615,93.53125,34.060333,70.0,37.0,86.12042,15.761719,7.3253111111111116,1.0167222222222223,2.430413888888889,2.1772805555555554,1.7008944444444445,15.0,0.0,7.905810833333334,1,ultimate,0.0,55.533833333333334,0.0,2317.902007648184
1294416336,2026-02-05,7.452185,72,156,46.0,55.0,73.431915,94.875,34.426334,50.0,27.0,94.76874,16.640625,3.5048916666666665,0.18335,1.3292111111111111,1.5756444444444444,0.4166861111111111,9.0,1.2121694444444444,7.905688888888889,1,walking,0.0,13.250166666666667,0.0,1873.5457695984703
1296423908,2026-02-06,4.3018923,68,142,70.0,54.0,82.38872,96.333336,34.099,69.0,48.0,92.554695,17.109375,6.3838888888888885,0.4753,2.574275,2.0259583333333335,1.3083555555555555,14.0,1.6087672222222222,7.905566944444445,0,,0.0,0.0,0.0,1730.7575764818355
1298174666,2026-02-07,4.461767,63,144,47.0,57.0,73.10466,96.38461,34.1045,61.0,63.0,89.97617,16.699219,5.820022222222223,0.5833888888888888,2.0765166666666666,1.7345027777777777,1.425613888888889,23.0,2.13,7.905445,0,,0.0,0.0,0.0,1819.4612810707456
1300269968,2026-02-08,4.0032296,65,112,51.0,50.0,65.90638,96.025,34.531334,77.0,64.0,89.69579,16.78711,7.524541666666667,0.7753444444444444,2.471775,2.5015277777777776,1.7758944444444444,11.0,2.13,7.905323055555556,0,,0.0,0.0,0.0,1931.8298279158698
1301993256,2026-02-09,16.688898,77,187,7.0,51.0,59.46225,94.0,34.594,23.0,48.0,97.69415,16.816406,1.9166666666666667,0.20711944444444444,0.41670277777777776,1.0008694444444444,0.291975,2.0,2.13,7.905201111111111,1,ultimate,0.0,79.70083333333334,13.616833333333334,2568.118307839388
1303738939,2026-02-10,9.757186,71,164,41.0,57.0,70.96105,94.181816,34.874,50.0,49.0,94.880974,16.875,5.383291666666667,0.2755722222222222,2.015058333333333,2.4926222222222223,0.6000388888888889,6.0,2.13,7.905079166666667,1,walking,0.0,12.583333333333334,0.0,2200.6395793499046
1305804276,2026-02-11,6.4418073,65,161,28.0,52.0,60.36186,95.625,34.564484,48.0,70.0,88.93815,16.640625,4.902055833333334,0.5422583333333333,1.4499225,1.992875,0.917,13.0,2.13,7.9049575,1,walking,0.0,8.900166666666667,0.0,1884.8333173996175
1307646802,2026-02-12,16.821772,78,188,35.0,51.0,60.49634,94.69231,34.800835,55.0,47.0,78.39477,17.607422,6.215316666666666,1.3428333333333333,2.0462333333333333,1.692288888888889,1.1339611111111112,8.0,2.13,7.904835555555556,2,"ultimate,walking",0.0,116.00116666666666,12.216833333333334,2973.9290152963667
1309719033,2026-02-13,2.6639042,64,106,38.0,56.0,70.37823,97.77778,34.495,56.0,70.0,90.207825,16.669922,5.619761111111111,0.5502972222222222,2.0426527777777777,1.8095333333333334,1.2172777777777777,6.0,1.9340608333333333,7.904713888888889,0,,0.0,0.0,0.0,1810.2949330783938
1311281325,2026-02-14,12.559989,69,179,36.0,51.0,60.336872,95.333336,34.349335,69.0,55.0,87.389,16.757812,7.121163888888889,0.89805,3.0882277777777776,2.1342777777777777,1.0006083333333333,17.0,2.13,7.904592222222222,4,"spin,stretching,walking,weightlifting",0.0,61.55033333333333,2.8,2317.820028680688
1313546415,2026-02-15,4.357537,69,124,57.0,52.0,76.07596,95.875,33.69367,65.0,68.0,92.439255,15.9375,6.062266666666667,0.4583527777777778,1.2105944444444445,2.759586111111111,1.6337333333333333,18.0,2.13,7.9044702777777776,0,,0.0,0.0,0.0,1805.5939292543019
1315534247,2026-02-16,4.526661,67,124,35.0,52.0,75.198006,95.4,34.665333,38.0,60.0,86.08296,17.109375,4.674886666666667,0.6506055555555555,0.9894144444444445,1.8089944444444443,1.2258722222222223,11.0,2.13,7.904348611111111,0,,0.0,0.0,0.0,1543.706739961759
1317471260,2026-02-17,3.998771,63,127,44.0,51.0,63.14942,95.681816,34.390667,80.0,54.0,90.26805,16.640625,10.024772222222222,0.9756055555555555,5.137372222222222,1.842561111111111,2.0692333333333335,22.0,2.13,7.904226944444445,0,,0.0,0.0,0.0,1895.8464866156787
1319405163,2026-02-18,18.403084,81,189,52.0,48.0,68.21616,97.85,34.111332,67.0,70.0,91.15762,16.933594,5.1896555555555555,0.4588888888888889,1.8134388888888888,2.225652777777778,0.691675,10.0,0.6633613888888888,7.904105277777778,3,"stretching,ultimate,walking",0.0,86.584,26.000333333333334,3068.63551625239
1321057517,2026-02-19,7.943561,65,142,51.0,54.0,68.24256,96.55556,33.730835,71.0,57.0,83.06009,16.682129,9.440397222222222,1.5991944444444444,3.3229333333333333,2.6181472222222224,1.9001222222222223,16.0,2.13,7.903983888888889,4,"spin,stretching,walking",0.0,34.4505,0.0,2001.3264818355638
1322764115,2026-02-20,4.4390535,63,127,45.0,50.0,84.9104,91.90909,34.35552,40.0,37.0,94.50845,16.992188,4.564672222222222,0.26221944444444445,1.7842805555555556,1.5589694444444444,0.9592027777777777,7.0,2.0641563888888887,7.903862222222222,0,,0.0,0.0,0.0,1880.3085564053538
1324869013,2026-02-21,15.531558,77,183,52.0,50.0,64.699425,95.76923,34.548836,77.0,35.0,93.49788,16.816406,6.293075,0.40918333333333334,2.7242944444444444,2.2178722222222222,0.941725,17.0,2.13,7.903740555555555,2,"ultimate,walking",0.0,122.584,3.5666666666666664,2851.4005736137665
1327077499,2026-02-22,1.8857121,65,105,62.0,54.0,73.20498,94.27778,34.609,74.0,54.0,87.408264,16.582031,6.951736111111111,0.8753444444444445,3.399625,1.467575,1.2091916666666667,15.0,0.07751361111111112,7.903619166666667,0,,0.0,0.0,0.0,1713.5910611854683
1328796063,2026-02-23,5.2990794,62,139,35.0,53.0,67.36573,95.125,34.67,51.0,55.0,93.31014,17.167969,4.858141388888889,0.32500277777777775,1.3813302777777778,2.28455,0.8672583333333334,7.0,1.6579288888888888,7.903497777777778,0,,0.0,0.0,0.0,1943.1233986615678
1331067008,2026-02-24,6.370799,70,143,53.0,51.0,65.92269,94.5,34.6185,77.0,30.0,93.06207,17.202148,5.293288888888889,0.36724444444444443,1.758688888888889,2.075633333333333,1.0917222222222223,11.0,2.13,7.903376111111111,0,,0.0,0.0,0.0,2027.368307839388
1335089309,2026-02-25,8.146555,68,161,12.0,59.0,52.718975,93.75,34.791332,26.0,16.0,96.28705,17.519531,3.3666666666666667,0.12500277777777777,1.3685722222222223,1.4813888888888889,0.3917027777777778,8.0,1.5893133333333334,7.903133333333333,0,,0.0,0.0,0.0,2276.3891013384323
1333163857,2026-02-25,4.1884546,64,123,38.0,51.0,62.02873,95.545456,34.384834,61.0,28.0,88.55954,16.875,5.470519444444444,0.6258527777777778,2.2767583333333334,1.6345194444444444,0.9333888888888889,6.0,0.04220277777777778,7.903254722222222,0,,0.0,0.0,0.0,910.3203871892924
1336536637,2026-02-26,6.9205236,66,163,51.0,54.0,63.948334,96.92857,34.68833,69.0,7.0,88.07236,17.636719,7.131452777777778,0.8506138888888889,3.2951694444444444,1.8684055555555557,1.1172638888888888,21.0,2.13,7.903011944444445,1,walking,0.0,13.266833333333333,0.0,2237.708413001912
1338894701,2026-02-28,16.830225,77,189,71.0,52.0,72.0159,94.23077,34.233665,73.0,21.0,91.6622,16.816406,5.700275,0.4752777777777778,2.4820277777777777,1.8092722222222222,0.9336972222222222,18.0,1.5063111111111112,7.9028905555555555,2,"ultimate,walking",0.0,147.86783333333332,8.083333333333334,3114.534894837476
1340554573,2026-03-01,5.579341,66,133,82.0,53.0,80.75285,94.72727,34.430832,73.0,27.0,87.74637,16.879883,9.609894444444445,1.177561111111111,4.605483333333333,2.309572222222222,1.5172777777777777,20.0,0.750205,7.902769444444444,1,walking,0.0,11.116833333333334,0.0,1765.4137189292542
1342455398,2026-03-02,7.809282,66,155,24.0,52.0,62.076466,95.72222,34.538334,35.0,38.0,93.436325,17.050781,3.6823888888888887,0.2417,1.297,1.4347805555555555,0.7089083333333334,13.0,0.6750188888888888,7.902648055555556,1,walking,0.0,20.800333333333334,0.0,2161.059034416826
1344960420,2026-03-03,7.9741488,70,161,53.0,51.0,62.04031,94.2,34.546665,65.0,34.0,92.54447,17.06543,4.474941666666667,0.33363055555555554,1.5900611111111111,1.4925694444444444,1.0586805555555556,10.0,2.13,7.902526666666667,0,,0.0,0.0,0.0,1556.4799235181642
1346511606,2026-03-03,14.755996,69,200,65.0,52.0,64.94713,94.36842,34.434,73.0,26.0,90.58467,17.167969,8.057605555555556,0.75865,3.764063888888889,1.9092583333333333,1.6256333333333333,14.0,1.7343780555555555,7.902405555555555,0,,0.0,0.0,0.0,2920.621653919694
1349034354,2026-03-05,7.6857615,70,150,66.0,53.0,63.893982,98.23077,34.170498,73.0,20.0,89.338326,17.109375,5.784452777777778,0.6167194444444445,2.2839972222222222,1.4503333333333333,1.4334027777777778,12.0,0.8652836111111111,7.902284444444445,1,walking,0.0,11.0835,0.0,1878.1586998087955
1351101506,2026-03-06,4.072942,62,119,81.0,54.0,75.70588,95.289474,34.16567,75.0,36.0,94.09089,17.109375,8.038716666666666,0.47501666666666664,3.8201944444444442,1.9009111111111112,1.8425944444444444,17.0,0.5746786111111111,7.9021630555555555,0,,0.0,0.0,0.0,1607.946223709369
1352359874,2026-03-07,16.743023,76,190,93.0,51.0,79.344574,93.71429,34.673332,76.0,42.0,89.81859,17.109375,8.106244444444444,0.8253305555555556,3.3946222222222224,2.2265,1.6597916666666668,16.0,0.6583847222222222,7.902041944444444,1,ultimate,0.0,130.53433333333334,10.550166666666666,3080.731118546845
1354632186,2026-03-08,13.928212,67,182,74.0,53.0,70.68517,96.7,33.92267,78.0,63.0,87.11059,17.460938,8.983016666666666,1.1951222222222222,3.6263027777777777,1.985075,2.1765166666666667,18.0,0.8490802777777777,7.9019208333333335,2,"ultimate,walking",0.0,116.06783333333334,3.0668333333333333,2861.3563575525814
1357137042,2026-03-09,4.654999,64,138,65.0,53.0,65.59055,93.17647,34.735664,73.0,17.0,86.71482,17.207031,8.098416666666667,1.075888888888889,4.012905555555555,1.7342416666666667,1.2753805555555555,11.0,1.1455177777777779,7.901799722222222,0,,0.0,0.0,0.0,1466.1559512428298
1358696857,2026-03-10,12.994786,73,163,37.0,49.0,58.01153,96.9375,34.194,52.0,18.0,88.5215,16.992188,4.87162,0.5591888888888888,2.086483888888889,1.8092472222222222,0.4167,13.0,0.20859611111111112,7.9016786111111115,5,"spin,stretching,ultimate,weightlifting",0.0,83.86716666666666,0.0,2188.8618546845123
1360759345,2026-03-11,5.0978675,66,141,42.0,53.0,57.147495,94.55556,34.22117,65.0,26.0,90.35067,17.324219,7.090647777777778,0.6919777777777778,2.9893755555555557,2.4006305555555554,1.0086638888888888,18.0,1.9231891666666667,7.901557777777778,1,walking,0.0,9.050166666666666,0.0,2026.7875239005734
1363125015,2026-03-12,2.347562,62,108,80.0,50.0,72.71426,93.6,34.1885,70.0,39.0,86.55968,16.794434,8.122861111111112,1.0917388888888888,3.6626527777777778,1.9931333333333334,1.375336111111111,20.0,1.9183330555555556,7.901436666666667,0,,0.0,0.0,0.0,1520.335086042065
1364762871,2026-03-13,4.1335425,66,124,18.0,53.0,38.279575,96.28125,34.503666,71.0,31.0,92.58057,16.875,6.882008333333333,0.5383805555555555,3.159588888888889,1.7756305555555556,1.4084083333333333,22.0,1.8279752777777778,7.901315555555556,0,,0.0,0.0,0.0,2068.251673040153
1366772461,2026-03-14,13.400339,70,155,68.0,49.0,66.04526,97.1579,34.172,72.0,27.0,91.93758,16.640625,8.385991666666667,0.6761138888888889,3.136261111111111,2.5600944444444442,2.0135222222222224,21.0,1.7691094444444444,7.901194722222222,1,spin,0.0,91.18416666666667,0.0,2291.1780592734226
1368834204,2026-03-15,3.912846,63,115,44.0,55.0,55.907864,94.625,34.202,73.0,40.0,90.33519,17.460938,7.3350888888888885,0.7089222222222222,3.5921083333333335,1.7086916666666667,1.3253666666666666,16.0,1.2872627777777779,7.901073888888889,0,,0.0,0.0,0.0,1859.1322657743785
1370906670,2026-03-16,16.443943,81,184,64.0,51.0,62.022854,94.3,34.531666,71.0,28.0,94.060356,17.402344,5.0604861111111115,0.300575,2.0503388888888887,1.9678722222222222,0.7417,12.0,1.9349458333333334,7.9009527777777775,4,"running,walking",296.42584,67.35066666666667,14.8835,2794.3427342256214
1372576423,2026-03-17,6.637869,71,149,5.0,75.0,131.7031,,30.210869,6.0,48.0,45.3699,18.149414,2.06085,1.1258444444444444,0.6263888888888889,0.30861666666666665,0.0,2.0,1.2561230555555556,7.900831944444445,1,walking,0.0,6.983333333333333,0.0,1925.6104206500954
1375118117,2026-03-18,6.5002174,67,136,89.0,55.0,73.84616,94.809525,34.232998,76.0,31.0,88.35442,17.226562,10.820230555555556,1.2600777777777779,5.591069444444445,1.9767555555555556,1.9923277777777777,26.0,2.13,7.900711111111111,1,walking,0.0,11.783333333333333,0.0,1987.732313575526
1377892552,2026-03-19,10.3582735,71,176,40.0,52.0,71.79886,95.5,34.317,35.0,31.0,94.069595,17.226562,3.5129694444444444,0.20833333333333334,0.9783916666666667,1.8095305555555556,0.5167138888888889,9.0,0.0,7.900590277777778,3,"running,walking",0.0,38.18366666666667,1.1166666666666667,1843.3121414913956
1379460027,2026-03-20,7.3023577,63,150,97.0,50.0,85.36169,95.07895,34.155,76.0,23.0,89.214775,16.875,10.06296388888889,1.085313888888889,5.101102777777778,2.0842472222222224,1.7923,26.0,2.13,7.900469722222223,0,,0.0,0.0,0.0,2063.0578393881456
1381252775,2026-03-21,4.273359,63,130,82.0,50.0,74.016914,95.28571,34.2205,71.0,35.0,80.88423,16.816406,11.357288888888888,2.1710333333333334,5.600777777777778,1.6011694444444444,1.9843083333333333,31.0,0.0,7.900348888888889,0,,0.0,0.0,0.0,1917.7004541108986
1383619353,2026-03-22,14.8813095,71,182,64.0,51.0,68.42299,95.07143,33.7695,76.0,42.0,91.49806,17.109375,7.2788611111111114,0.6188444444444444,3.417072222222222,2.0092444444444446,1.2337,13.0,0.0,7.900228055555556,1,running,5645.768,29.983333333333334,11.416833333333333,2388.933556405354
1385602869,2026-03-23,5.9324193,63,140,91.0,50.0,83.392685,95.925,34.281,76.0,57.0,86.19417,17.050781,8.675883333333333,1.1977777777777778,4.418261111111111,2.2598083333333334,0.8000361111111111,20.0,0.8253388888888888,7.9001075,0,,0.0,0.0,0.0,1657.7847514340344
1387498841,2026-03-24,15.708409,70,188,47.0,52.0,69.209465,95.75,34.519833,53.0,20.0,93.74083,17.753906,5.192738888888889,0.3250222222222222,2.2248277777777776,1.9509,0.6919888888888889,11.0,1.187775,7.899986666666667,2,"ultimate,walking",0.0,92.7175,4.5,3152.7853728489486
1389920528,2026-03-25,7.7236805,66,160,16.0,52.0,71.93245,97.5,34.941334,21.0,10.0,95.2912,17.8125,1.7895527777777778,0.09753055555555555,0.45835,1.2336722222222223,0.0,4.0,2.13,7.899866111111111,1,increase_relaxation,0.0,0.0,0.0,2214.010755258126
1392091663,2026-03-26,10.08379,71,172,66.0,52.0,64.253685,96.7,34.625,71.0,27.0,94.21269,17.460938,4.4991666666666665,0.26038055555555556,1.7292277777777778,1.60895,0.9006083333333333,10.0,2.13,7.899745555555556,1,walking,0.0,13.150166666666667,1.5166666666666666,1705.307361376673
1394444744,2026-03-27,9.555754,69,158,85.0,51.0,85.18305,94.71429,34.437668,62.0,22.0,91.75151,16.845703,5.985655555555556,0.5164805555555556,2.834875,1.4839666666666667,1.1503333333333334,11.0,0.9447119444444444,7.899625,1,walking,0.0,25.550333333333334,0.0,1932.0463671128107
1395728353,2026-03-28,20.552917,100,194,7.0,54.0,65.66596,92.666664,35.033333,19.0,16.0,89.461815,17.753906,1.8333333333333333,0.1932,0.8476111111111111,0.6505611111111111,0.14196111111111112,1.0,2.13,7.899504444444444,5,ultimate,0.0,375.4861666666667,27.1005,4911.23446462715
1398200715,2026-03-28,15.001046,74,185,54.0,57.0,63.297897,96.14286,33.20767,59.0,10.0,91.81416,17.167969,6.316666666666666,0.5170722222222223,2.4983472222222223,2.000913888888889,1.3003333333333333,6.0,2.13,7.899383888888889,5,ultimate,0.0,375.4861666666667,27.1005,2982.594407265774
1400608392,2026-03-30,7.228922,62,133,86.0,50.0,79.490685,94.875,34.234837,69.0,24.0,90.62456,16.464844,8.008747222222222,0.7508555555555556,2.697675,2.4262194444444445,2.1339972222222223,23.0,2.13,7.899263333333334,2,walking,0.0,17.833333333333332,0.0,2254.3587476099424
1401347181,2026-03-31,4.1022253,65,132,77.0,51.0,72.77763,95.09091,34.826668,66.0,15.0,84.67278,17.050781,5.766666666666667,0.8838694444444445,2.1310305555555558,1.8347805555555556,0.9169861111111111,11.0,2.13,7.899142777777778,0,,0.0,0.0,0.0,1672.362930210325
1404914228,2026-04-01,9.592943,70,165,38.0,51.0,55.047035,95.35294,34.231,73.0,27.0,96.963615,17.753906,7.420936111111111,0.23421666666666666,3.0345944444444446,2.393163888888889,1.7589611111111112,17.0,0.8964927777777778,7.8990225,1,spin,0.0,29.467166666666667,0.0,2040.9572179732313
1406949682,2026-04-02,7.69273,65,152,45.0,53.0,64.04822,96.6,34.473835,59.0,47.0,86.55803,17.578125,5.829977777777778,0.7836638888888889,2.6864944444444445,1.60895,0.7508694444444445,18.0,1.06098,7.898901944444445,2,walking,0.0,32.68366666666667,0.0,2214.9490917782027
1409180672,2026-04-03,19.56207,86,181,61.0,50.0,76.4559,98.0,34.083,55.0,29.0,93.95448,17.11914,3.8596083333333335,0.23333333333333334,1.608663888888889,1.5592416666666666,0.45836944444444444,7.0,2.0481780555555558,7.898781666666666,3,"spin,ultimate,weightlifting",0.0,143.95166666666665,20.85,3343.97586042065
1410888189,2026-04-04,5.7790394,67,130,45.0,57.0,71.05311,97.53846,34.212833,47.0,27.0,92.7726,17.226562,5.565238888888889,0.4022222222222222,2.4776444444444445,1.793111111111111,0.8922611111111111,16.0,1.5489252777777778,7.898661111111111,0,,0.0,0.0,0.0,1811.630258126195
1412793719,2026-04-05,16.22234,73,175,53.0,51.0,67.00997,95.28571,34.368,67.0,40.0,89.932495,17.607422,6.927536111111111,0.7411472222222222,3.026025,1.9845055555555555,1.1758583333333332,14.0,2.13,7.898540833333334,1,running,9812.374,62.3005,4.05,2759.176744741874
1414917886,2026-04-06,5.3196406,66,130,39.0,54.0,83.02652,94.5,34.329002,36.0,45.0,92.588455,17.519531,4.508547222222222,0.34418333333333334,1.797036111111111,1.8420083333333332,0.5253194444444444,8.0,2.13,7.898420555555555,0,,0.0,0.0,0.0,1867.5524378585085
1417213800,2026-04-07,17.562277,76,189,20.0,49.0,70.203674,96.8,33.909836,31.0,65.0,92.511314,16.68457,3.342077777777778,0.25027777777777777,1.3656305555555555,1.3178166666666666,0.4083527777777778,5.0,2.13,7.8983002777777775,1,ultimate,0.0,102.234,13.983333333333333,3250.516013384321
1419406061,2026-04-08,13.668444,76,172,60.0,56.0,78.36961,97.57143,34.590168,59.0,40.0,91.0394,18.046875,4.712755,0.4169805555555556,1.3305944444444444,1.958986111111111,1.0008833333333333,9.0,2.13,7.89818,1,ultimate,0.0,53.983666666666664,2.1333333333333333,2032.5709847036328
1420862212,2026-04-09,18.87217,82,178,72.0,55.0,77.26162,96.71429,34.267666,64.0,33.0,90.499794,17.929688,7.017830555555555,0.6667083333333333,3.2324083333333333,1.7259,1.3928138888888888,11.0,2.13,7.898059722222222,5,"running,ultimate,walking",6380.111,225.83483333333334,5.233333333333333,4096.580783938814
1423798400,2026-04-10,4.716271,67,124,37.0,58.0,57.371677,96.645836,33.961334,61.0,29.0,82.43268,16.992188,9.965359722222223,1.7506472222222222,4.821215277777778,2.2764972222222224,1.117,16.0,2.13,7.8979397222222225,0,,0.0,0.0,0.0,1476.236137667304
1424962478,2026-04-10,13.982466,74,173,40.0,55.0,59.203815,97.333336,33.971333,64.0,14.0,96.02642,17.871094,6.291980555555556,0.25001666666666666,3.1242694444444443,1.6089944444444444,1.3087,9.0,1.8548305555555555,7.897819444444444,0,,0.0,0.0,0.0,2581.9433556405356
1427250111,2026-04-12,5.6705465,66,155,94.0,50.0,98.95027,96.588234,34.128277,72.0,31.0,93.17078,17.167969,6.716152777777777,0.45866111111111113,2.4806444444444447,2.2928805555555556,1.4839666666666667,15.0,2.13,7.8976991666666665,0,,0.0,0.0,0.0,1977.0258126195029
1429464015,2026-04-13,5.7726593,66,140,13.0,54.0,37.08241,96.181816,34.7295,43.0,48.0,94.88844,17.324219,4.239086111111111,0.21668333333333334,1.0039111111111112,1.9181444444444444,1.1003472222222221,7.0,1.3859788888888889,7.897579166666667,0,,0.0,0.0,0.0,1696.0799235181644
1432172666,2026-04-14,8.719851,65,162,45.0,53.0,53.266487,96.04348,34.343334,75.0,23.0,87.89498,17.15332,9.711813888888889,1.1756166666666668,4.416325,2.2100916666666666,1.9097805555555556,27.0,2.13,7.897459166666667,2,walking,0.0,19.483333333333334,0.0,2176.206739961759
1434310456,2026-04-15,10.835332,70,139,43.0,52.0,46.473198,97.333336,34.105,79.0,41.0,92.12357,17.578125,6.983108333333333,0.5500194444444444,3.222383333333333,1.617575,1.5931305555555555,18.0,0.0,7.897339166666667,2,"activity,weightlifting",0.0,27.233666666666668,0.0,1928.8053537284895
1436130958,2026-04-16,13.736035,71,180,69.0,53.0,69.62253,94.61539,34.203667,73.0,51.0,94.76797,17.636719,5.575002777777778,0.2916861111111111,2.3478694444444446,1.9681527777777779,0.9672944444444445,12.0,0.0,7.897218888888889,2,ultimate,0.0,64.06733333333332,2.283333333333333,2439.082456978967
1438076130,2026-04-17,6.7570276,66,139,52.0,56.0,58.90894,95.875,34.286503,72.0,43.0,87.31229,17.695312,5.454052777777778,0.6919944444444445,2.5934055555555555,1.7600416666666667,0.4086111111111111,11.0,1.8406041666666666,7.8970988888888884,0,,0.0,0.0,0.0,2059.6123326959846
1440299297,2026-04-18,15.751495,77,181,68.0,53.0,65.3076,95.07692,33.988,70.0,25.0,85.17904,17.519531,7.145002777777778,1.0589583333333332,2.975677777777778,2.2267,0.8836666666666667,13.0,1.1829236111111112,7.896979166666667,2,"ultimate,walking",0.0,138.551,3.5835,2936.9811185468448
1442842907,2026-04-19,13.52249,73,177,58.0,56.0,63.042515,95.2,34.168335,71.0,39.0,86.99614,17.250977,6.7330861111111115,0.8755611111111111,3.197411111111111,2.042858333333333,0.6172555555555556,19.0,0.5771066666666667,7.896859166666666,2,ultimate,0.0,76.10066666666667,0.8166666666666668,2480.031070745698
1444847885,2026-04-20,5.294142,66,138,43.0,56.0,66.86269,96.72727,34.254665,52.0,45.0,94.6957,17.265625,4.247711111111111,0.2253111111111111,2.0795305555555554,1.3092222222222223,0.6336472222222223,12.0,1.3444402777777777,7.896739166666666,0,,0.0,0.0,0.0,1764.4899617590822
1447138578,2026-04-21,9.558893,70,170,65.0,55.0,67.55077,96.26667,34.273884,75.0,33.0,90.0408,17.138672,6.529475,0.6502833333333333,2.0531444444444444,1.8673,1.9587472222222222,15.0,2.0957044444444444,7.896619444444444,1,ultimate,0.0,37.000166666666665,0.21666666666666667,1967.4997609942639
1449421373,2026-04-22,14.218004,73,169,73.0,56.0,72.22278,94.625,34.373333,70.0,48.0,84.2236,17.226562,7.502875,1.1836833333333334,3.5257305555555556,1.9431444444444443,0.8503166666666667,19.0,0.5445325,7.896499444444444,4,"running,ultimate,walking,weightlifting",7.8243337,87.801,3.05,2533.97275334608
1451244925,2026-04-23,16.439505,77,209,49.0,57.0,76.30956,96.375,34.4035,46.0,49.0,94.997856,16.933594,4.664669444444445,0.23333333333333334,1.8045694444444444,1.7345055555555555,0.8922611111111111,13.0,1.4805302777777778,7.896379722222222,1,ultimate,0.0,150.88516666666666,9.566833333333333,2842.095841300191
1453257267,2026-04-24,6.3168864,70,144,72.0,59.0,73.25326,97.31579,34.266,75.0,52.0,87.67474,17.402344,9.365202777777778,1.176688888888889,3.7354555555555558,2.5434277777777776,1.9096305555555555,24.0,2.13,7.896259722222222,0,,0.0,0.0,0.0,1776.4868546845123
1455413536,2026-04-24,17.544231,80,190,48.0,51.0,62.2861,97.0,34.261166,68.0,45.0,87.20294,17.167969,7.039422222222222,0.9008388888888889,2.9628666666666668,2.1670694444444445,1.0086472222222223,9.0,1.6841769444444445,7.89614,0,,0.0,0.0,0.0,3333.5011950286807
1457464538,2026-04-25,17.028109,79,184,82.0,58.0,86.075676,95.67857,33.874332,70.0,66.0,95.47619,17.368164,6.815855555555555,0.3083361111111111,3.5635166666666667,1.3008722222222222,1.6431305555555555,9.0,2.13,7.896020277777778,5,ultimate,0.0,180.43516666666667,8.616666666666667,3144.282026768642
1460080421,2026-04-27,5.105751,65,141,66.0,57.0,73.043655,94.38095,34.280334,70.0,57.0,80.97531,16.582031,9.833583333333333,1.112475,3.7711083333333333,2.0833333333333335,2.1083333333333334,13.0,2.13,7.8959005555555555,0,,0.0,0.0,0.0,1927.409894837476
1461980805,2026-04-28,5.391487,66,148,44.0,53.0,66.055916,93.125,34.891167,56.0,33.0,96.950714,17.675781,3.826033333333333,0.11666666666666667,1.3748,1.584238888888889,0.7503277777777778,5.0,1.8749177777777777,7.895780833333333,0,,0.0,0.0,0.0,1741.6453154875717
1464452919,2026-04-29,5.257561,66,139,25.0,53.0,36.36844,96.64286,34.196667,71.0,33.0,84.43169,17.509766,6.638805555555556,1.03355,2.411763888888889,2.0345472222222223,1.1589444444444446,16.0,1.5935594444444445,7.895661111111111,0,,0.0,0.0,0.0,1777.906787762906
1466360412,2026-04-30,16.591572,78,180,45.0,56.0,55.3429,95.75,33.9165,74.0,38.0,91.292206,18.105469,5.458325,0.4753,2.1229,2.0178527777777777,0.8422722222222222,13.0,0.4182761111111111,7.8955416666666665,1,ultimate,0.0,138.0505,5.383333333333334,3152.797562141491
1468743648,2026-05-01,4.4332976,64,137,67.0,55.0,68.37505,96.05882,33.390835,72.0,35.0,88.21066,17.34375,8.343672222222223,0.9836638888888889,4.274877777777778,2.009536111111111,1.0755944444444445,18.0,0.9566027777777778,7.895421944444444,0,,0.0,0.0,0.0,1842.1683317399618
1471286016,2026-05-02,11.400904,71,160,66.0,53.0,65.81165,97.117645,34.282333,73.0,37.0,86.99255,17.402344,7.0475666666666665,0.9167083333333333,3.0965444444444445,1.8923194444444444,1.1419944444444445,14.0,1.4737355555555556,7.8953025,2,"walking,weightlifting",0.0,13.966666666666667,0.0,1819.8984225621414
1472967413,2026-05-03,18.867105,80,199,81.0,52.0,78.83468,97.045456,34.031334,70.0,43.0,91.81109,17.460938,6.208025,0.5083694444444444,2.9650805555555557,2.042333333333333,0.6922416666666666,15.0,0.7173919444444444,7.895182777777777,1,ultimate,0.0,162.91833333333332,22.8835,3798.8436902485655
1475413011,2026-05-04,7.9659133,67,168,50.0,55.0,77.54735,94.545456,34.156998,51.0,59.0,87.940704,17.460938,5.876633333333333,0.7086805555555555,1.9492277777777778,2.0931305555555557,1.1255944444444443,12.0,2.0562102777777778,7.895063333333334,0,,0.0,0.0,0.0,2021.9017686424475
1477727716,2026-05-05,9.254256,75,169,55.0,53.0,75.410446,96.416664,34.49882,59.0,59.0,92.042725,17.666016,5.033830555555555,0.40055555555555555,1.2556277777777778,2.2264805555555554,1.1511666666666667,8.0,2.13,7.894943888888889,1,walking,0.0,12.266666666666667,0.0,1983.814053537285
1481923125,2026-05-06,6.8651776,65,161,69.0,50.0,71.56056,97.46875,33.943665,70.0,48.0,93.46312,17.519531,6.765038888888889,0.44222222222222224,2.637388888888889,2.6598361111111113,1.0255916666666667,16.0,2.13,7.894705,0,,0.0,0.0,0.0,1990.5341778202678
1480174399,2026-05-06,5.6730294,66,141,53.0,56.0,66.02941,96.552635,33.517334,75.0,64.0,89.184814,17.402344,7.474522222222222,0.8083833333333333,2.730411111111111,2.6098055555555555,1.3259222222222222,16.0,2.13,7.894824444444445,0,,0.0,0.0,0.0,1674.2704349904398
1484129536,2026-05-08,13.344904,74,158,33.0,52.0,50.26276,96.416664,34.263668,66.0,50.0,87.35282,16.699219,5.8669,0.7419972222222222,2.9231611111111113,1.1092027777777778,1.092538888888889,16.0,2.13,7.8945855555555555,5,"spin,walking,weightlifting",0.0,34.667,0.0,2331.502390057361
1486288555,2026-05-09,15.534083,75,183,78.0,53.0,76.40132,96.0,33.671665,71.0,48.0,87.441986,17.460938,5.580766666666666,0.7008333333333333,2.378186111111111,1.901725,0.6000222222222222,7.0,1.6751530555555556,7.894466111111111,3,"hiit,ultimate",0.0,79.7505,2.466833333333333,2541.392447418738
1488573087,2026-05-10,7.3980017,65,165,72.0,54.0,74.54289,95.4,33.13933,69.0,47.0,82.6724,17.34375,8.949050555555555,1.5506555555555555,2.985141666666667,2.8267777777777776,1.5864755555555556,18.0,1.3225888888888888,7.894346666666666,0,,0.0,0.0,0.0,1925.280019120459
1490598478,2026-05-11,4.2584405,62,119,36.0,48.0,70.922165,95.22727,33.128,43.0,55.0,88.25611,16.816406,4.683569444444444,0.5500333333333334,1.6906027777777777,2.084013888888889,0.35891944444444446,12.0,1.6027030555555555,7.8942275,0,,0.0,0.0,0.0,1780.089292543021
1493041164,2026-05-12,16.1953,77,178,58.0,51.0,66.88615,94.333336,34.589832,70.0,47.0,88.66312,17.285156,4.925244444444444,0.5583694444444445,1.9067805555555555,1.6594861111111112,0.8006083333333334,12.0,2.13,7.894108055555556,2,"running,ultimate",2450.3079,113.11766666666666,4.533333333333333,2852.9354684512427
1495778719,2026-05-13,5.501323,67,136,72.0,55.0,71.31384,95.0,33.969334,77.0,56.0,91.69916,17.34375,8.634297222222223,0.7167194444444445,3.9485333333333332,2.4931555555555556,1.4758888888888888,24.0,1.6126991666666666,7.893988888888889,1,walking,0.0,2.4166666666666665,0.0,2114.5812619502867
1497159138,2026-05-14,6.684621,66,152,68.0,48.0,71.437294,96.90909,33.792,66.0,26.0,91.59305,16.992188,5.756052777777778,0.48390833333333333,1.9872444444444444,2.0512,1.2337,12.0,1.505458888888889,7.893869722222222,1,activity,0.0,18.5335,0.0,1807.798183556405
1500123050,2026-05-15,16.684422,71,156,19.0,54.0,74.681305,94.6,33.870335,26.0,52.0,98.00452,17.402344,2.505663888888889,0.05,0.8047388888888889,1.0839444444444444,0.5669805555555556,5.0,1.4704558333333333,7.893750555555555,3,"rock-climbing,walking",0.0,28.00016666666667,0.0,1904.8840105162524
1502440148,2026-05-16,18.713034,81,200,95.0,53.0,76.24544,94.583336,34.359,70.0,29.0,83.76583,16.992188,7.650461111111111,1.2419888888888888,3.155858333333333,1.8931472222222223,1.3594666666666666,18.0,2.13,7.8936311111111115,1,ultimate,0.0,132.951,23.450333333333333,3441.8587476099424
1504471421,2026-05-17,4.665354,68,136,92.0,56.0,73.98813,96.34615,33.941696,77.0,35.0,88.571785,17.416992,11.018611111111111,1.2592305555555556,5.698633333333333,1.8345222222222222,2.226225,29.0,0.3617736111111111,7.893511944444445,0,,0.0,0.0,0.0,1930.2210803059272
1506914008,2026-05-18,5.686884,71,157,51.0,55.0,63.435772,93.64286,34.433666,77.0,56.0,85.58614,16.992188,8.260416666666666,1.1906444444444444,3.2090194444444444,1.9595166666666666,1.9012361111111111,22.0,0.0,7.893393055555555,0,,0.0,0.0,0.0,1735.459273422562
1509293689,2026-05-19,18.335497,78,191,70.0,54.0,72.20283,93.88095,34.21517,84.0,67.0,88.806465,16.171875,9.381005555555555,1.0500666666666667,4.327977777777778,2.6267638888888887,1.3761972222222223,29.0,0.5607608333333334,7.8932738888888885,4,"running,walking",6268.023,87.334,30.416833333333333,3146.724665391969
1511665251,2026-05-20,13.407669,79,163,46.0,60.0,59.68086,94.32609,34.1578,79.0,69.0,88.31381,17.460938,8.842919444444444,1.0334,4.091025,2.259516666666667,1.4589777777777777,20.0,0.12062611111111111,7.8931547222222225,3,"activity,ultimate",0.0,49.51683333333333,0.0,2351.809512428298
1514017092,2026-05-21,14.344891,79,169,55.0,60.0,65.44844,93.22222,34.184166,80.0,67.0,93.272224,17.695312,7.803969444444444,0.5250333333333334,4.176033333333334,1.7100527777777779,1.39285,19.0,0.7807433333333333,7.893035833333333,5,"elliptical,spin,walking",0.0,90.88416666666666,0.08333333333333333,2852.0265296367115
1516346567,2026-05-22,12.6218195,79,175,69.0,57.0,70.15885,94.05556,34.050335,74.0,48.0,92.8953,17.666016,5.748308333333333,0.4084,2.2128694444444443,1.868375,1.2586638888888888,16.0,1.1849655555555556,7.892916666666666,3,walking,0.0,41.2835,0.7166666666666667,2007.9121653919692
1518050361,2026-05-23,10.647088,77,159,54.0,55.0,67.114685,95.46154,34.016666,59.0,37.0,92.19809,17.695312,5.875269444444444,0.4583833333333333,2.6559555555555554,1.8017083333333332,0.9592222222222222,11.0,1.5354194444444444,7.892797777777778,1,walking,0.0,16.4835,0.0,2058.5076481835563
1520232685,2026-05-24,4.0189033,65,112,49.0,55.0,61.96326,97.17857,33.565,67.0,48.0,92.91435,17.480469,6.468944444444444,0.45836666666666664,2.841825,1.7264666666666666,1.4422861111111112,10.0,2.13,7.892678611111111,0,,0.0,0.0,0.0,1690.1638384321222
1522330921,2026-05-25,6.043858,69,139,94.0,49.0,79.42718,94.89474,34.164333,73.0,53.0,84.84785,17.402344,8.820146944444444,1.3458694444444443,3.8965830555555554,1.6428527777777777,1.9348416666666666,18.0,2.1250680555555554,7.892559722222222,0,,0.0,0.0,0.0,1867.2300908221798
1525161729,2026-05-26,4.6627164,67,139,94.0,50.0,86.30968,93.78571,33.503834,81.0,75.0,91.08088,17.402344,7.7550944444444445,0.6916861111111111,3.1115666666666666,2.1175972222222224,1.8342444444444443,14.0,1.6611505555555555,7.892440833333334,0,,0.0,0.0,0.0,1784.8298279158698
1527646447,2026-05-27,19.614857,82,188,92.0,51.0,81.57883,93.411766,33.313,84.0,77.0,91.42828,17.578125,8.55873888888889,0.7336305555555556,3.097647222222222,2.7437444444444443,1.9837166666666666,23.0,1.646593888888889,7.892321944444444,4,"ultimate,walking",0.0,272.4683333333333,13.816833333333332,4191.449091778203
1529483322,2026-05-28,8.467046,70,150,51.0,60.0,62.724964,96.52778,33.663902,84.0,86.0,90.1476,17.841797,8.144655555555556,0.8024444444444444,4.440705555555556,1.8678527777777778,1.0336527777777778,12.0,1.1330008333333332,7.892203055555555,0,,0.0,0.0,0.0,2253.9022466539195
1532077905,2026-05-29,8.691511,67,157,62.0,55.0,66.06593,93.30769,34.446335,75.0,30.0,91.46735,17.712402,7.032034722222222,0.6000194444444444,3.4932,2.1095333333333333,0.8292819444444445,15.0,1.8234788888888889,7.8920844444444445,1,walking,0.0,14.916833333333333,0.0,1918.0489244741873
1533776715,2026-05-30,12.856385,72,152,95.0,51.0,82.41399,95.94118,34.116287,78.0,38.0,88.72018,16.992188,7.8054805555555555,0.8804444444444445,3.4890583333333334,2.0436694444444443,1.3923083333333333,21.0,0.38935277777777777,7.891965555555555,3,"elliptical,stretching,weightlifting",0.0,36.1335,0.0,1983.4474187380497
1536376285,2026-05-31,6.3859496,66,154,74.0,55.0,77.372955,95.72,33.446,75.0,49.0,82.14061,17.226562,10.252805555555556,1.839075,4.836016666666667,2.243472222222222,1.3342416666666668,22.0,0.0,7.891846666666667,1,walking,0.0,23.4,0.0,2480.9232791587
1538108843,2026-06-01,10.541593,72,154,35.0,60.0,54.652794,95.75,34.169655,69.0,5.0,94.22934,18.364258,3.899325,0.22501666666666667,1.240038888888889,1.7092277777777778,0.7250416666666667,8.0,0.0,7.891728055555555,1,elliptical,0.0,61.4005,0.0,1959.3011472275334
1541612703,2026-06-02,4.579137,71,148,49.0,54.0,61.805397,96.53846,33.975166,73.0,33.0,95.34826,16.875,6.807486111111111,0.31666666666666665,3.321547222222222,1.8097777777777777,1.3594944444444443,22.0,0.4864597222222222,7.891609444444445,0,,0.0,0.0,0.0,1565.810707456979
1543658568,2026-06-03,18.222624,81,186,32.0,54.0,47.86289,96.0625,33.74185,69.0,38.0,86.20904,16.96289,7.374536111111111,1.0170194444444445,3.480725,1.5842277777777778,1.2925638888888888,16.0,1.0595905555555556,7.8914905555555555,2,"ultimate,walking",0.0,193.4015,14.966833333333334,3573.88240917782
1546122118,2026-06-04,10.284114,72,151,90.0,54.0,80.73709,96.73333,33.867332,73.0,54.0,85.39384,17.29248,8.788411111111111,1.28365,3.7098722222222222,2.277311111111111,1.5175777777777777,17.0,1.320543611111111,7.891371944444445,3,"spin,weightlifting",0.0,51.117,0.0,2282.813575525812
1548313501,2026-06-05,8.304684,71,167,33.0,54.0,69.679405,94.5,34.093,40.0,63.0,93.867905,17.8125,3.941013888888889,0.24166666666666667,1.398961111111111,1.6670194444444444,0.6333666666666666,11.0,1.3520622222222223,7.891253333333333,2,walking,0.0,26.1835,0.0,1716.6556644359464
1550296700,2026-06-06,4.9619393,69,146,73.0,53.0,72.84385,94.0,34.01433,68.0,22.0,94.34735,17.548828,6.044463888888889,0.3416722222222222,2.8431888888888888,1.975938888888889,0.8836638888888889,14.0,2.13,7.891134722222223,0,,0.0,0.0,0.0,1801.8949330783937
1552323961,2026-06-07,19.094072,81,201,63.0,53.0,66.43647,94.891304,33.446,78.0,48.0,92.2147,17.753906,8.895394444444445,0.6925333333333333,3.1409777777777776,2.877038888888889,2.1848444444444444,17.0,1.4894436111111111,7.891016111111111,1,ultimate,0.0,245.4935,18.9835,3883.986615678776
1554826788,2026-06-08,12.5040245,73,147,37.0,58.0,61.813923,93.375,33.555336,52.0,47.0,92.00604,17.636719,5.342147222222223,0.4472388888888889,2.551477777777778,2.043136111111111,0.3002944444444444,18.0,0.7909994444444445,7.8908975,1,weightlifting,0.0,13.65,0.0,2077.1952676864244
1557594342,2026-06-09,8.2291765,65,168,87.0,53.0,79.12393,94.795456,33.839333,77.0,46.0,90.69015,17.402344,9.694661111111111,0.9025583333333334,3.8466055555555556,2.5270527777777776,2.4184444444444444,18.0,2.13,7.8907791666666665,1,walking,0.0,12.666666666666666,0.08333333333333333,2030.3209847036326
1560141728,2026-06-10,20.514742,84,196,15.0,51.0,32.820038,94.82353,34.501335,74.0,49.0,85.458534,17.197266,8.774008333333333,1.2758694444444445,3.2043055555555555,2.4851111111111113,1.8087222222222221,20.0,1.026766388888889,7.890660555555556,2,"ultimate,walking",0.0,132.41766666666666,46.6335,4420.161806883365
1562315906,2026-06-11,15.135574,74,196,62.0,57.0,70.730034,95.416664,33.576332,71.0,65.0,87.06703,17.929688,7.189186111111111,0.8500527777777778,2.4570527777777778,2.7848361111111113,1.0175222222222222,17.0,0.9948469444444444,7.890542222222222,3,"rowing,sprint-training,walking",21.037615,62.43383333333334,11.8,2276.7339866156785
1564422649,2026-06-12,18.16308,78,182,46.0,53.0,57.2386,95.28571,34.216103,75.0,54.0,89.01428,17.519531,8.195994444444445,0.9003888888888889,4.835763888888889,1.3506222222222222,1.1092194444444445,20.0,2.13,7.890423611111111,3,"running,walking",7775.561599999999,29.900166666666667,38.417,3059.1099426386236
1566629950,2026-06-13,6.3922167,73,144,36.0,59.0,65.24612,95.818184,33.730335,50.0,55.0,95.54865,17.695312,5.2544,0.23389166666666666,2.5353833333333333,1.5428333333333333,0.9422916666666666,9.0,2.13,7.890305277777777,1,walking,0.0,8.666666666666666,0.0,1784.8236137667304
1569121362,2026-06-14,4.6602464,67,121,34.0,54.0,48.47895,95.411766,34.106003,78.0,71.0,90.05586,17.285156,7.380922222222222,0.7339694444444445,2.61955,1.9759083333333334,2.0514944444444443,19.0,2.13,7.890186944444444,0,,0.0,0.0,0.0,1718.166013384321
1571457238,2026-06-15,3.8141346,64,116,48.0,53.0,56.856525,94.64286,34.157,73.0,70.0,93.45255,17.832031,6.495325,0.42527777777777775,2.6757444444444443,1.7600666666666667,1.634236111111111,11.0,2.13,7.890068611111111,0,,0.0,0.0,0.0,1677.685707456979
1573550927,2026-06-16,4.3522706,65,137,26.0,56.0,40.52173,95.21429,34.630344,66.0,58.0,92.19821,17.890625,6.091944444444445,0.47528055555555554,2.3486972222222224,1.860086111111111,1.4078805555555556,12.0,2.13,7.8899502777777775,0,,0.0,0.0,0.0,1730.8591300191204
1576076812,2026-06-17,4.6493025,68,114,37.0,52.0,46.66826,94.23529,34.337334,78.0,70.0,90.56071,17.460938,7.507591666666666,0.7086638888888889,3.971575,1.684525,1.1428277777777778,13.0,2.13,7.8898319444444445,0,,0.0,0.0,0.0,1699.7559751434035
1578221052,2026-06-17,4.753135,67,116,22.0,52.0,34.09897,94.64706,34.207836,73.0,71.0,83.80244,17.519531,7.786738888888889,1.2731222222222223,2.8692583333333332,2.3348583333333335,1.3095,12.0,2.0992644444444446,7.8897136111111115,0,,0.0,0.0,0.0,1728.2368546845123
1580337530,2026-06-18,4.4440846,65,130,74.0,50.0,61.375633,93.875,34.36067,83.0,75.0,90.19801,17.402344,9.168183333333333,0.8986638888888889,4.425191666666667,2.4687055555555557,1.3756222222222223,17.0,2.13,7.889595555555555,0,,0.0,0.0,0.0,2071.7263384321222
1583171014,2026-06-20,5.4701405,69,142,75.0,53.0,71.876945,94.166664,34.489334,64.0,46.0,87.264015,17.387695,6.277255555555556,0.8486777777777778,1.801211111111111,2.2178666666666667,1.4095,15.0,1.1571108333333333,7.889477222222222,0,,0.0,0.0,0.0,1662.668618546845
1585560736,2026-06-21,14.80158,73,188,86.0,52.0,72.5966,95.71429,34.441666,80.0,60.0,90.21837,17.460938,9.292502777777777,0.9089583333333333,4.480844444444444,1.859536111111111,2.043163888888889,24.0,1.8318913888888888,7.889359166666667,1,running,5972.0186,28.917,9.15,2535.3728489483747
1589392942,2026-06-22,5.751017,69,130,64.0,53.0,64.03554,94.17857,34.415665,76.0,45.0,91.074905,17.460938,8.973044444444444,0.8008527777777777,4.014025,1.9762027777777778,2.181963888888889,23.0,2.13,7.889122777777778,0,,0.0,0.0,0.0,1773.9715583173995
1587174461,2026-06-22,4.8521175,69,134,26.0,60.0,59.6141,95.888885,34.163334,41.0,65.0,94.15821,17.988281,3.8518416666666666,0.22501666666666667,1.1081055555555555,1.6845194444444445,0.8342,13.0,0.8990444444444444,7.889240833333333,0,,0.0,0.0,0.0,1574.3363766730401
1591738420,2026-06-23,4.6899304,66,124,63.0,53.0,62.646576,93.954544,34.263836,77.0,53.0,85.4086,17.490234,10.454005555555556,1.525386111111111,4.71965,2.534847222222222,1.6741222222222223,24.0,1.2202666666666666,7.889004722222222,0,,0.0,0.0,0.0,1813.2795650095602
1594098157,2026-06-24,18.512133,77,191,63.0,52.0,62.91569,96.416664,34.236164,77.0,73.0,80.119514,17.402344,9.018069444444444,1.792836111111111,4.139844444444445,2.1009083333333334,0.9844805555555556,20.0,0.1583638888888889,7.888886666666667,0,,0.0,0.0,0.0,3459.215822179732
1597014463,2026-06-25,3.705138,66,105,37.0,57.0,51.129818,95.10526,34.111668,81.0,75.0,89.58915,18.046875,7.449811111111111,0.7755888888888889,2.7804166666666665,2.1851055555555554,1.7087,20.0,0.5599444444444445,7.888768611111111,2,"ultimate,walking",0.0,142.3345,25.683333333333334,1941.118068833652
1599633054,2026-06-27,4.2123094,67,109,67.0,51.0,69.03024,94.5,34.161667,54.0,47.0,82.44119,17.578125,6.649480555555556,1.1675694444444444,1.9300555555555556,2.242897222222222,1.3089583333333332,14.0,1.8034088888888888,7.8886505555555555,0,,0.0,0.0,0.0,1813.025501912046
1601994385,2026-06-28,15.264293,73,195,67.0,53.0,64.067116,94.64286,34.09,73.0,34.0,91.64334,17.373047,6.482488888888889,0.5417194444444444,2.3628666666666667,1.934811111111111,1.6430916666666666,17.0,2.1237,7.8885325,1,running,3612.707,7.35,15.016833333333333,2355.630258126195
1604183738,2026-06-29,4.1660104,71,117,36.0,52.0,58.629227,96.7,34.105667,54.0,60.0,93.51434,17.226562,5.011355555555555,0.32501944444444447,2.1428805555555557,1.7925722222222222,0.7508833333333333,12.0,1.1992294444444445,7.888414444444445,0,,0.0,0.0,0.0,1575.2355640535372
1606594502,2026-06-30,4.7609797,71,121,84.0,56.0,76.006226,94.63636,34.472668,75.0,59.0,89.70299,17.197266,7.451244444444445,0.7672555555555556,2.5065694444444446,2.1012305555555555,2.076188888888889,18.0,2.13,7.888296666666666,0,,0.0,0.0,0.0,1678.4562619502867
1608946533,2026-06-30,16.968735,80,182,83.0,55.0,72.07899,94.5,34.510334,76.0,57.0,87.69561,17.578125,8.741733333333332,1.0756166666666667,4.121269444444445,1.7853333333333334,1.7595138888888888,25.0,2.13,7.888178611111111,0,,0.0,0.0,0.0,3110.6192638623324
1611158944,2026-07-02,11.769223,69,194,75.0,58.0,74.90108,95.73077,33.935665,74.0,68.0,92.30091,17.695312,6.931119444444445,0.5336333333333333,2.8948305555555556,2.3434222222222223,1.1592333333333333,20.0,1.5441713888888888,7.888060833333333,1,running,1944.415,3.55,6.166666666666667,2162.640057361377
1613210558,2026-07-03,15.57202,74,179,79.0,52.0,73.53008,94.041664,34.007835,70.0,43.0,86.319275,17.636719,6.622597222222222,0.9060194444444445,2.9645361111111113,1.5847944444444444,1.1672472222222223,14.0,2.13,7.887943055555556,1,running,6100.5796,28.050166666666666,19.25,2200.5583173996174
1615678681,2026-07-03,11.544847,69,156,77.0,53.0,72.89203,95.25,33.746334,77.0,52.0,86.95045,17.519531,9.822005555555556,1.2817277777777778,5.020716666666667,1.8847666666666667,1.6347944444444444,27.0,1.1416666666666666,7.887825277777778,1,running,6100.5796,28.050166666666666,19.25,2223.224426386233
1617838934,2026-07-05,5.8856645,68,121,57.0,56.0,63.619934,95.882355,34.357,78.0,55.0,89.21275,17.695312,8.635119444444445,0.9314916666666667,4.225741666666667,1.6931083333333334,1.7847777777777778,27.0,0.7509744444444444,7.8877075,1,walking,0.0,8.083333333333334,0.0,1684.0203154875717
1620274376,2026-07-05,4.242795,68,127,64.0,52.0,66.43763,95.35714,34.120667,75.0,63.0,81.981926,17.285156,8.964377777777777,1.6152083333333334,3.4792916666666667,2.335363888888889,1.534513888888889,27.0,0.7910944444444444,7.887589722222223,1,walking,0.0,8.083333333333334,0.0,1840.3589866156788
1622555382,2026-07-07,6.0792656,70,132,32.0,53.0,41.22471,97.22222,33.593334,80.0,76.0,86.85591,17.285156,7.810566666666666,1.0266277777777777,3.524383333333333,2.3842583333333334,0.8752972222222222,20.0,0.8985083333333334,7.887471944444444,1,activity,0.0,13.2,0.0,1878.5929732313575
1625002922,2026-07-08,4.3162885,67,118,52.0,54.0,60.41788,94.0,33.716667,69.0,83.0,78.9305,17.368164,7.2039888888888886,1.5178444444444446,2.1585472222222224,2.2850444444444444,1.2425527777777778,12.0,1.3148491666666666,7.887354166666666,0,,0.0,0.0,0.0,1671.2073374760994
1629756369,2026-07-09,4.8653407,69,131,72.0,54.0,65.06193,94.15,34.2985,81.0,81.0,84.76714,17.519531,9.526647222222222,1.4511805555555555,4.642672222222222,1.9595333333333333,1.4732611111111111,26.0,1.3684077777777777,7.887118888888889,2,"ultimate,walking",0.0,68.31683333333334,4.3835,1894.3969168260037
1628138125,2026-07-09,13.614728,73,182,84.0,50.0,71.845276,94.23077,34.342873,86.0,85.0,89.66546,17.226562,8.503708333333334,0.9069638888888889,3.401777777777778,2.9190444444444443,1.2759222222222222,23.0,1.793968611111111,7.887236388888889,2,"ultimate,walking",0.0,68.31683333333334,4.3835,2385.781309751434
1632460508,2026-07-11,16.559937,83,171,58.0,51.0,60.959476,94.0,33.860332,72.0,69.0,91.480705,17.324219,5.872488888888889,0.5002944444444445,2.895675,1.826186111111111,0.6503333333333333,22.0,1.0596208333333332,7.887001111111111,4,"activity,ultimate,walking",0.0,265.8016666666667,0.16666666666666666,3267.546367112811
1637590333,2026-07-12,4.6934943,66,117,90.0,53.0,88.778015,95.166664,34.089832,73.0,74.0,81.57936,17.226562,8.689258333333333,1.6006166666666666,3.877972222222222,1.8931277777777777,1.3175416666666666,21.0,2.0978844444444444,7.886766111111111,4,"ultimate,walking",0.0,108.01733333333333,0.0,1749.3928059273421
1635215717,2026-07-12,14.138715,78,152,88.0,53.0,74.81211,95.0,33.967335,79.0,79.0,86.62,17.34375,8.350358333333334,1.1172777777777778,3.5551583333333334,2.2350916666666665,1.4428305555555556,27.0,1.8129386111111112,7.886883611111111,4,"ultimate,walking",0.0,108.01733333333333,0.0,2626.489244741874
1640048955,2026-07-13,18.729332,72,200,81.0,51.0,70.15392,93.05,34.276665,78.0,47.0,86.78974,17.578125,12.692516666666666,1.6767138888888888,6.337563888888889,2.159788888888889,2.51845,28.0,1.7083530555555555,7.8866483333333335,0,,0.0,0.0,0.0,3106.326003824092
1642099905,2026-07-14,3.4256306,64,110,36.0,54.0,44.14615,95.4,33.93833,85.0,69.0,89.83467,17.285156,9.603069444444445,0.9761833333333333,4.9277138888888885,2.09285,1.6063222222222222,20.0,0.0,7.8865308333333335,1,ultimate,0.0,67.10083333333333,42.03333333333333,2277.9825525812616
1644396010,2026-07-16,4.021673,68,110,65.0,50.0,74.67241,95.0,34.216,55.0,34.0,91.94804,17.226562,4.0,0.7140555555555556,1.793125,1.0841888888888889,0.40863055555555555,5.0,0.2027986111111111,7.8864133333333335,0,,0.0,0.0,0.0,1242.9261472275334
1646776673,2026-07-17,4.1932364,62,128,68.0,51.0,66.01867,95.25,34.09,75.0,54.0,87.45835,17.61914,8.448447222222223,1.0680777777777777,3.627986111111111,2.017575,1.7348083333333333,29.0,1.4653658333333333,7.8862958333333335,0,,0.0,0.0,0.0,1890.076481835564
1649436317,2026-07-18,5.048939,69,130,55.0,51.0,57.194805,96.75,34.453,76.0,40.0,88.17992,17.519531,7.619538888888889,0.9006361111111111,3.1662166666666667,2.435388888888889,1.1172972222222222,15.0,1.2934194444444445,7.886178611111111,0,,0.0,0.0,0.0,1743.775239005736
1652355859,2026-07-19,17.781021,79,182,64.0,55.0,64.27171,95.07143,34.172,82.0,62.0,90.24188,17.636719,8.466458333333334,0.8261666666666667,3.9884555555555554,2.2340055555555556,1.4178305555555555,19.0,0.32265027777777777,7.886061111111111,3,"running,stretching,walking",8037.334,90.30066666666667,15.783333333333333,3039.9486137667304
1654646585,2026-07-19,4.0659647,67,121,78.0,55.0,72.140274,94.882355,34.214333,78.0,59.0,88.111855,17.34375,8.49146388888889,1.0094777777777777,3.862983333333333,1.9011527777777777,1.71785,18.0,0.40021222222222225,7.885943611111111,3,"running,stretching,walking",8037.334,90.30066666666667,15.783333333333333,1979.6235659655833
1657232197,2026-07-21,5.049435,71,131,53.0,54.0,63.61074,94.42857,33.932335,69.0,61.0,90.44823,17.460938,5.845541666666667,0.5583527777777778,2.0947944444444446,2.0256583333333333,1.1667361111111112,13.0,1.1241105555555555,7.885826388888889,0,,0.0,0.0,0.0,1647.3267208413001
1659751670,2026-07-22,4.8868318,67,130,87.0,54.0,75.27798,94.052635,33.917835,81.0,76.0,89.62143,17.416992,7.739538888888889,0.8264055555555555,2.793213888888889,2.6598305555555557,1.460088888888889,12.0,1.8819736111111112,7.8857091666666665,0,,0.0,0.0,0.0,1842.1525812619502
1661647285,2026-07-23,17.053257,76,196,68.0,51.0,66.46532,97.3,34.336,69.0,54.0,87.50868,17.63916,5.608608333333334,0.7005888888888889,2.573722222222222,1.9006472222222222,0.43365,10.0,1.869871388888889,7.8855916666666666,1,ultimate,0.0,88.1345,16.9335,2896.878346080306
1663873364,2026-07-24,4.199154,66,122,52.0,54.0,59.449146,97.61539,34.222332,75.0,62.0,84.792946,17.513672,8.326144444444445,1.266161111111111,3.7248694444444443,2.092575,1.2425388888888889,21.0,1.5412447222222223,7.885474444444444,1,hiking-rucking,0.0,0.0,0.0,1802.7860898661568
1666383926,2026-07-25,5.3148055,70,143,50.0,51.0,57.683044,97.625,33.755833,77.0,73.0,85.82302,17.519531,7.555638888888889,1.0928555555555555,3.0776083333333335,2.2014833333333335,1.1836916666666666,14.0,1.3523927777777778,7.885357222222222,0,,0.0,0.0,0.0,1731.5697179732313
1668778080,2026-07-26,15.634932,76,190,81.0,53.0,69.38707,98.066666,33.654167,79.0,80.0,85.42236,17.326172,8.064791666666666,1.1756555555555555,3.520425,2.2095055555555554,1.1592055555555556,16.0,1.811393611111111,7.88524,1,running,5991.464,32.150333333333336,9.916666666666666,2614.543499043977
1671930723,2026-07-27,4.934369,68,142,62.0,53.0,67.03277,95.17647,34.162666,69.0,81.0,85.73333,17.25586,6.895013888888889,0.9836888888888888,2.8837027777777777,1.8684222222222222,1.1592,17.0,1.8422713888888889,7.885122777777778,0,,0.0,0.0,0.0,1697.2746175908221
1674243960,2026-07-28,4.5726724,63,134,40.0,50.0,53.813652,96.46154,34.124664,70.0,79.0,83.27547,17.519531,7.247208333333333,1.2261722222222222,2.285061111111111,2.4434388888888887,1.292536111111111,18.0,2.13,7.885005555555556,0,,0.0,0.0,0.0,2005.450047801147
1676898063,2026-07-29,5.184146,72,138,30.0,51.0,43.311768,94.5,34.517166,61.0,42.0,82.01456,17.62793,4.866866666666667,0.8753277777777778,1.6980861111111112,1.742863888888889,0.5505888888888889,13.0,2.023206111111111,7.884888611111111,0,,0.0,0.0,0.0,1540.5774378585086
1679387403,2026-07-30,18.434637,75,201,52.0,51.0,54.849216,93.64706,33.912666,73.0,45.0,84.783615,17.519531,8.8232,1.3425722222222223,2.6273305555555555,3.176538888888889,1.6767583333333334,24.0,1.0976077777777777,7.884771388888889,2,"ultimate,walking",0.0,76.33416666666668,32.1335,3009.0779158699806
1681145499,2026-07-31,14.779009,74,180,31.0,55.0,45.061913,93.458336,34.30467,69.0,57.0,86.94843,17.666016,7.126730555555556,0.9642027777777777,3.285163888888889,1.9767555555555556,0.9006083333333333,16.0,1.0015363888888889,7.884654444444444,2,running,7592.8045,49.16716666666667,5.75,2506.099904397706
1683593659,2026-08-01,4.973194,66,151,24.0,53.0,36.629364,98.27778,33.999,75.0,60.0,86.70814,17.299316,8.511372222222223,1.1313194444444445,3.044036111111111,2.518702777777778,1.817313888888889,22.0,1.872735,7.884537222222222,0,,0.0,0.0,0.0,1875.8364005736137
1686143098,2026-08-02,4.2034993,70,127,52.0,52.0,53.222218,94.28125,34.241,76.0,72.0,87.42534,17.226562,7.4333527777777775,0.961675,3.736311111111111,1.8847944444444444,0.8505722222222222,22.0,1.9068602777777777,7.884420277777778,0,,0.0,0.0,0.0,1765.5345602294456
1689216319,2026-08-03,3.310679,67,108,42.0,53.0,50.230625,92.73333,34.169,71.0,81.0,86.89902,17.402344,6.746864444444444,0.8839055555555556,2.728056111111111,2.0342777777777776,1.100625,20.0,2.13,7.884303333333333,0,,0.0,0.0,0.0,1663.1956261950286
1691597429,2026-08-04,5.5473976,71,148,50.0,53.0,50.29355,93.3125,34.213665,77.0,78.0,90.946144,17.314453,6.925355555555556,0.6469666666666667,2.444561111111111,2.8920944444444445,0.9417333333333333,17.0,2.097076388888889,7.884186388888889,0,,0.0,0.0,0.0,1766.465965583174
1693565961,2026-08-05,13.556699,74,172,73.0,56.0,63.984386,92.30556,34.043667,79.0,77.0,87.85158,17.578125,7.959563055555556,0.9669611111111112,2.5173666666666668,2.9015138888888887,1.5737213888888888,19.0,2.13,7.884069444444444,4,"running,ultimate,walking",7701.4185,101.16783333333333,0.4166666666666667,2555.3185946462713
1696565204,2026-08-06,17.710829,79,197,30.0,53.0,40.482857,94.44444,34.010666,68.0,84.0,86.94614,17.285156,6.5502472222222226,0.8850083333333333,2.6770666666666667,2.0767583333333333,0.9114138888888889,19.0,1.9823027777777777,7.8839525,2,"ultimate,walking",0.0,89.87700000000001,29.416833333333333,2873.6195028680686
1699114384,2026-08-07,15.312935,83,164,47.0,56.0,50.781796,95.73684,33.942333,80.0,88.0,92.55765,17.817871,7.3976,0.5505555555555556,3.2857444444444446,1.7684194444444445,1.7928805555555556,15.0,2.13,7.883835555555556,3,walking,0.0,100.95083333333334,0.0,2898.869502868069
1701128513,2026-08-08,20.593761,91,200,28.0,52.0,46.520233,95.0,34.102,52.0,75.0,89.90308,17.639648,5.284916666666667,0.5336138888888889,1.9742444444444445,2.2262222222222223,0.5508361111111111,7.0,2.13,7.883718611111111,2,ultimate,0.0,347.336,52.500166666666665,5042.225621414914
1703773748,2026-08-09,2.9215765,61,116,76.0,54.0,61.787437,94.425,34.02133,70.0,54.0,80.5397,17.578125,10.850416666666666,2.1291972222222224,4.594119444444445,1.98455,2.14255,22.0,2.13,7.883601944444444,0,,0.0,0.0,0.0,1832.4837476099426
1706714943,2026-08-10,6.78672,66,157,89.0,52.0,69.884575,94.333336,34.22867,80.0,66.0,90.7058,17.501953,8.087641666666666,0.7597444444444444,3.3424194444444444,1.7681277777777777,2.21735,27.0,1.2720402777777777,7.883485,1,walking,3784.461,36.150333333333336,0.0,1829.6434034416825
1709020809,2026-08-11,2.7253764,63,105,83.0,53.0,65.98601,95.76923,34.111,80.0,69.0,91.143105,17.285156,7.339258333333333,0.6500305555555556,2.7206888888888887,2.267863888888889,1.700675,19.0,1.1941322222222222,7.883368333333333,0,,0.0,0.0,0.0,1795.3902963671126
1711458210,2026-08-12,4.1570406,67,140,46.0,51.0,50.441826,95.066666,34.573,68.0,46.0,82.564804,17.519531,6.027222222222222,1.0508583333333332,2.6996083333333334,1.7011666666666667,0.5755888888888889,14.0,1.5913455555555556,7.883251666666666,0,,0.0,0.0,0.0,1696.4389101338434
1713801838,2026-08-13,18.591808,75,198,40.0,51.0,40.36242,95.568184,34.213497,77.0,59.0,85.26543,17.34375,9.471847222222221,1.395636111111111,4.740188888888889,1.9512333333333334,1.3847888888888888,22.0,0.9500202777777778,7.883135,1,ultimate,0.0,73.4675,34.8,3247.3315009560224
1716800449,2026-08-14,3.9979558,66,113,33.0,53.0,41.89931,97.6,34.343334,61.0,51.0,84.19956,17.373047,6.594738888888889,1.0419972222222222,2.9345444444444446,1.6842722222222222,0.933925,10.0,0.5137727777777777,7.883018055555556,0,,0.0,0.0,0.0,1519.8328154875715
1718812643,2026-08-15,20.496944,86,198,22.0,52.0,32.832108,93.882355,34.3145,69.0,58.0,85.69861,17.578125,7.196744444444445,1.0508972222222221,2.452072222222222,2.609575,1.0842,16.0,1.9420380555555556,7.882901388888889,2,"ultimate,walking",4321.6724,218.6705,42.417,4159.630736137668
1720260138,2026-08-15,4.171746,64,129,71.0,55.0,62.215202,92.91304,34.094666,58.0,42.0,72.03914,17.507812,13.038375,3.6456416666666667,5.416402777777778,2.0089805555555555,1.96735,23.0,1.859758611111111,7.882785,2,"ultimate,walking",4321.6724,218.6705,42.417,1994.3917304015295
1724047588,2026-08-17,4.1792817,64,135,91.0,52.0,75.16772,93.6,34.478664,73.0,62.0,83.0375,17.415527,7.670925,1.3011805555555556,2.8256805555555555,1.8512,1.692863888888889,15.0,0.7961588888888889,7.882668333333333,0,,0.0,0.0,0.0,1819.8767447418738
1726690165,2026-08-18,4.06008,66,123,82.0,51.0,67.520546,93.73333,34.517334,72.0,66.0,84.3281,17.285156,7.417808333333333,1.1803138888888889,3.3856944444444443,1.8839833333333333,0.9678166666666667,20.0,1.5116875,7.882551666666667,0,,0.0,0.0,0.0,1653.2760516252388
1728297510,2026-08-19,3.9298415,64,114,24.0,51.0,46.627243,94.22222,34.321,34.0,42.0,91.721954,17.361328,4.163458333333334,0.34465277777777775,1.5925694444444445,1.408961111111111,0.817275,12.0,2.0566705555555553,7.882435,0,,0.0,0.0,0.0,1614.9477533460802
1730944110,2026-08-19,17.808302,80,199,30.0,54.0,31.418507,93.88461,33.892,71.0,29.0,86.392494,17.701172,6.246961111111111,0.8500555555555556,2.6365,1.6430972222222222,1.1173083333333333,17.0,2.13,7.882318611111111,0,,0.0,0.0,0.0,3072.758604206501
1734051414,2026-08-20,4.027174,65,118,65.0,57.0,58.486706,98.05556,34.029,75.0,48.0,89.18425,17.70996,8.17788611111111,0.8845,3.132888888888889,2.317633333333333,1.8428638888888889,22.0,0.4197475,7.882202222222222,4,"ultimate,walking",2914.2334,104.30083333333334,25.866666666666667,1736.7234703632887
1736119010,2026-08-21,12.397507,67,167,90.0,53.0,77.322395,93.875,34.187668,75.0,45.0,83.50709,17.460938,10.748319444444444,1.7727111111111111,4.581263888888889,2.3515111111111113,2.0428333333333333,23.0,1.257608888888889,7.882085555555555,0,,0.0,0.0,0.0,1939.7601577437858
1738300303,2026-08-22,5.6180882,67,141,91.0,51.0,75.60875,94.90476,34.523167,83.0,67.0,90.36956,17.367188,8.489025,0.8175305555555555,4.0110222222222225,1.7762,1.8842722222222221,18.0,0.13168416666666666,7.881969166666667,4,"rowing,walking,weightlifting",0.0,22.250166666666665,0.0,1893.332361376673
1741485610,2026-08-24,8.572657,70,151,65.0,53.0,60.36096,92.85,34.262665,84.0,70.0,90.46892,17.636719,8.580844444444445,0.8178472222222222,3.8079083333333332,2.3764916666666664,1.5785972222222222,26.0,0.45126444444444447,7.881852777777778,1,golf,0.0,32.217,0.0,1957.9648661567876
1743795502,2026-08-25,4.579802,65,156,88.0,51.0,72.16056,93.26087,34.1315,85.0,83.0,86.34021,17.34375,9.041663611111112,1.2350722222222221,3.8536219444444444,2.352025,1.6009444444444445,28.0,0.4072211111111111,7.881736388888889,0,,0.0,0.0,0.0,1787.1604923518164
1746439142,2026-08-26,3.2180889,62,112,51.0,51.0,48.071377,93.083336,34.4715,88.0,83.0,87.398865,17.121094,9.448838888888888,1.1906611111111112,3.921875,2.6851305555555554,1.6511722222222223,23.0,0.40033944444444447,7.88162,0,,0.0,0.0,0.0,1842.547084130019
1749452636,2026-08-27,4.824976,67,142,75.0,50.0,64.55213,94.8,34.39633,85.0,75.0,89.62147,17.519531,7.970961111111111,0.8417055555555556,3.002108333333333,2.659838888888889,1.4673083333333334,14.0,0.045844166666666665,7.881503611111111,0,,0.0,0.0,0.0,1935.884153919694
1751497925,2026-08-28,14.225737,86,164,1.0,58.0,56.854637,94.5,34.79983,26.0,62.0,97.38574,18.345703,1.2750583333333334,0.03333333333333333,0.5039111111111111,0.7378138888888889,0.0,3.0,0.5339552777777777,7.8813875,2,"activity,walking",0.0,107.18416666666667,0.0,2323.0757648183553
1753921229,2026-08-28,9.727185,68,150,80.0,52.0,64.00328,94.64,34.041668,77.0,42.0,90.42526,17.52539,10.491966666666666,1.0045777777777778,3.8759972222222223,2.9851305555555556,2.626261111111111,15.0,2.13,7.881271111111111,2,"activity,walking",0.0,107.18416666666667,0.0,2318.6957456978967
1756689298,2026-08-30,9.307567,72,146,91.0,51.0,72.81824,95.38461,34.27833,71.0,61.0,80.62183,17.285156,7.700905555555556,1.4922944444444444,2.481227777777778,2.6765222222222222,1.050861111111111,16.0,0.6773163888888889,7.881154722222222,1,activity,0.0,2.1666666666666665,0.0,2049.7868068833654
1759260162,2026-08-31,15.3923,78,191,66.0,53.0,67.54628,94.125,33.95933,63.0,64.0,87.63178,17.607422,5.729738888888889,0.7086666666666667,1.9278694444444444,2.0095222222222224,1.0836805555555555,12.0,1.2695,7.881038611111111,1,running,4940.352,17.3,20.266833333333334,2413.548996175908
1761981482,2026-09-01,5.8060966,73,129,42.0,58.0,60.09229,95.86667,34.319668,59.0,76.0,86.34139,17.783203,6.347544444444445,0.8669861111111111,2.496838888888889,1.8086833333333334,1.1750361111111112,15.0,2.13,7.8809225,0,,0.0,0.0,0.0,1606.4306166347992
1764013659,2026-09-01,4.1609707,67,121,50.0,53.0,56.64321,94.55556,34.242,71.0,66.0,80.52429,17.951172,8.765088888888888,1.736138888888889,3.501813888888889,2.627066666666667,0.9000694444444445,13.0,2.13,7.880806388888889,0,,0.0,0.0,0.0,1859.7495219885277
1766950060,2026-09-03,15.117963,75,190,67.0,53.0,60.058235,94.07143,34.43133,76.0,78.0,90.75347,17.80664,6.759533333333334,0.6250222222222223,2.6410138888888888,2.4595527777777777,1.0339444444444446,20.0,1.9597816666666668,7.88069,1,running,5894.477,27.4335,19.216833333333334,2253.5633365200765
1768974750,2026-09-03,15.748474,72,189,92.0,53.0,72.098305,95.611115,34.017,67.0,50.0,77.14384,17.460938,12.10458611111111,2.7739277777777778,4.352405555555555,2.6270527777777777,2.3512,20.0,2.13,7.880573888888889,1,running,5894.477,27.4335,19.216833333333334,2687.8706978967493
1771690569,2026-09-05,14.03099,72,174,66.0,55.0,61.819916,95.1579,33.921165,83.0,65.0,89.70866,17.460938,9.728,1.0011416666666666,4.058802777777778,2.384288888888889,2.2837666666666667,21.0,0.6533672222222222,7.880458055555556,2,"activity,running",4076.6682,39.43366666666667,5.316666666666666,2371.262189292543
1774617089,2026-09-06,4.154956,68,112,88.0,56.0,74.52933,94.833336,34.4965,74.0,68.0,83.407875,17.71289,7.684836111111111,1.2750777777777778,3.0010194444444442,2.3003666666666667,1.1083722222222223,10.0,0.3256677777777778,7.880341944444444,0,,0.0,0.0,0.0,1728.1550191204587
1776942916,2026-09-07,3.4505658,65,111,53.0,53.0,54.78197,93.416664,34.3715,81.0,80.0,85.38491,17.43164,9.013438888888889,1.3173222222222223,4.0859861111111115,2.5678666666666667,1.0422638888888889,19.0,1.4823627777777777,7.880225833333333,0,,0.0,0.0,0.0,1759.3879780114723
1779752001,2026-09-08,13.388318,74,184,54.0,53.0,56.106533,93.42857,34.247665,73.0,73.0,85.47518,17.833008,6.716702777777778,0.9755888888888888,2.3975833333333334,2.226238888888889,1.1172916666666666,21.0,1.0984533333333333,7.8801097222222225,2,running,5606.2798,53.4175,4.8,2253.7997131931165
1782405127,2026-09-08,4.524514,67,128,57.0,54.0,57.791,95.27273,34.4255,81.0,74.0,90.99283,17.578125,8.240380555555555,0.742225,4.530797222222223,1.658686111111111,1.3086722222222222,27.0,2.1035191666666666,7.8799938888888885,2,running,5606.2798,53.4175,4.8,1791.96137667304
1784565857,2026-09-10,20.4641,84,201,32.0,53.0,48.22668,97.0,34.846333,60.0,66.0,88.33229,17.546387,5.792411111111111,0.6758416666666667,2.0734194444444443,2.2764777777777776,0.7666722222222222,7.0,1.884838888888889,7.879877777777778,4,"running,ultimate,walking",0.0,133.88466666666667,60.76716666666666,3915.487093690248
1787223474,2026-09-11,5.575616,71,141,53.0,62.0,57.84909,94.7619,33.605,77.0,79.0,93.36505,18.222656,8.043177777777778,0.5336611111111111,3.566,2.2262222222222223,1.7172944444444445,8.0,2.13,7.879761944444445,0,,0.0,0.0,0.0,1853.3933317399617
1789534753,2026-09-12,20.642859,97,199,39.0,58.0,66.2436,94.75,34.175,48.0,70.0,96.14527,18.457031,4.547158333333333,0.17528055555555555,1.3619805555555555,1.6172972222222222,1.3926,10.0,2.13,7.879646111111111,3,ultimate,0.0,361.82099999999997,66.767,5281.84153919694
1792343337,2026-09-12,20.216515,86,195,57.0,60.0,57.037735,95.775,33.203,77.0,54.0,94.252106,18.164062,9.714094444444445,0.5583555555555556,4.102391666666667,2.7185194444444445,2.334827777777778,12.0,2.13,7.879530277777778,3,ultimate,0.0,361.82099999999997,66.767,4515.859225621414
1795269234,2026-09-14,6.382043,70,152,57.0,63.0,64.70131,92.78571,33.66,61.0,55.0,95.21082,18.496094,5.9161222222222225,0.2833333333333333,1.7800916666666666,2.092902777777778,1.7597944444444444,13.0,1.3564952777777777,7.8794144444444445,0,,0.0,0.0,0.0,1694.0294694072657
